{
    "rmse": 0.7672657501351837,
    "mae": 0.6230389642260563,
    "r2": 0.09917145671268501
}